Business Name,Email,Source
The Bangalore Cafe,example@mysite.com,Customer
The Bangalore Cafe,info@mysite.com,Customer
Just BLR,info@justblr.com,Customer
"Lotus Pavilion, ITC Gardenia - Restaurants In Bengaluru",reservations@itchotels.com,Customer
"Lotus Pavilion, ITC Gardenia - Restaurants In Bengaluru",events@itchotels.com,Customer
"Lotus Pavilion, ITC Gardenia - Restaurants In Bengaluru",reservations@itchotels.in,Customer
"Lotus Pavilion, ITC Gardenia - Restaurants In Bengaluru",events@itchotels.in,Customer
"Karavalli - Vivanta Bengaluru, Residency Road",spa.vivantaresidencyblr@tajhotels.com,Customer
"Karavalli - Vivanta Bengaluru, Residency Road",vivanta.residencyblr@tajhotels.com,Customer
"Karavalli - Vivanta Bengaluru, Residency Road",reservations@ihcltata.com,Customer
"Karavalli - Vivanta Bengaluru, Residency Road",jivaspavivanta.whitefield@tajhotels.com,Customer
"Karavalli - Vivanta Bengaluru, Residency Road",karavalli.vivantaresidencyblr@tajhotels.com,Customer
"Karavalli - Vivanta Bengaluru, Residency Road",website.feedback@ihcltata.com,Customer
"Karavalli - Vivanta Bengaluru, Residency Road",reservations.karnataka@ihcltata.com,Customer
LUPA,reservations.lupa@savaaser.com,Customer
LUPA,media@manuchandraventures.com,Customer
Spice Terrace,jw.blrjw.Spiceterrace@marriotthotels.com,Customer
The 13th Floor,ivorytower@aswati.com,Customer
"Gufha Restaurant, Kumarapark",sales1@paihotels.com,Customer
"Gufha Restaurant, Kumarapark",enquiry@presidenthotel.in,Customer
Holiday Inn Bengaluru Racecourse by IHG,concierge@holidayinnblr.com,Customer
Holiday Inn Bengaluru Racecourse by IHG,dm@holidayinnblr.com,Customer
Holiday Inn Bengaluru Racecourse by IHG,marketing@holidayinnblr.com,Customer
Octave Himalaya Monarch,reservations_pld@octavehotels.com,Customer
Octave Himalaya Monarch,reservations_glf@octavehotels.com,Customer
Octave Himalaya Monarch,reservations_jpn@octavehotels.com,Customer
Octave Himalaya Monarch,reservations_upt@octavehotels.com,Customer
Octave Himalaya Monarch,parisresidency1@gmail.com,Customer
Octave Himalaya Monarch,rnt.octavehotels@gmail.com,Customer
Octave Himalaya Monarch,reservations_roc@octavehotels.com,Customer
Octave Himalaya Monarch,hoteltajpalace7@gmail.com,Customer
Octave Himalaya Monarch,reservations_rgp@octavehotels.com,Customer
Octave Himalaya Monarch,info@kingsuites.com,Customer
Octave Himalaya Monarch,reservations@styloteljagadish.com,Customer
Octave Himalaya Monarch,reservations_jmy@octavehotels.com,Customer
Octave Himalaya Monarch,reservations_mth@octavehotels.com,Customer
Octave Himalaya Monarch,reservations_csl@octavehotels.com,Customer
Octave Himalaya Monarch,saarangforever@gmail.com,Customer
Octave Himalaya Monarch,reservations_orc@octavehotels.com,Customer
Octave Himalaya Monarch,reservations_rdy@octavehotels.com,Customer
Octave Himalaya Monarch,reservations_fmt@octavehotels.com,Customer
Octave Himalaya Monarch,reservations_chh@octavehotels.com,Customer
Octave Himalaya Monarch,naufalbedrody@octavehotels.com,Customer
Octave Himalaya Monarch,reservation@vishwaratnahotel.com,Customer
Octave Himalaya Monarch,reservations_cls@octavehotels.com,Customer
Octave Himalaya Monarch,reservations_kpk@octavehotels.com,Customer
Octave Himalaya Monarch,reservations_stu@octavehotels.com,Customer
Octave Himalaya Monarch,reservations_lsv@octavehotels.com,Customer
Octave Himalaya Monarch,mailmejagdish41@gmail.com,Customer
Octave Himalaya Monarch,reservations@octavehotels.com,Customer
Octave Himalaya Monarch,reservations_shp@octavehotels.com,Customer
Octave Himalaya Monarch,reservations_adi@octavehotels.com,Customer
Octave Himalaya Monarch,hotelverdisso2022@gmail.com,Customer
Octave Himalaya Monarch,kanakakrinacomfortskkc@gmail.com,Customer
Octave Himalaya Monarch,reservations_bun@octavehotels.com,Customer
Octave Himalaya Monarch,hil.octavehotels@gmail.com,Customer
Octave Himalaya Monarch,styloteljagadish@gmail.com,Customer
Octave Himalaya Monarch,reservations_nrv@octavehotels.com,Customer
Octave Himalaya Monarch,frontdesk.bgarh@bundelaresorts.com,Customer
Octave Himalaya Monarch,reservations_cap@octavehotels.com,Customer
Octave Himalaya Monarch,reservations_dbl@octavehotels.com,Customer
Octave Himalaya Monarch,reservations_crh@octavehotels.com,Customer
Octave Himalaya Monarch,reservations_him@octavehotels.com,Customer
Octave Himalaya Monarch,reservations_plz@octavehotels.com,Customer
Octave Himalaya Monarch,reservations_brk@octavehotels.com,Customer
Octave Himalaya Monarch,reservations_rop@octavehotels.com,Customer
Octave Himalaya Monarch,velsgrand.bangalore@gmail.com,Customer
Octave Himalaya Monarch,reservations_kan@octavehotels.com,Customer
Octave Himalaya Monarch,jmhotelspvtltd@gmail.com,Customer
Octave Himalaya Monarch,reservations_nst@octavehotels.com,Customer
Octave Himalaya Monarch,kul.octavehotels@gmail.com,Customer
ibis Bengaluru City Centre,h6454-re@accor.com,Customer
Treebo Apple Villa,hello@treebohotels.com,Customer
"The Oberoi, Bengaluru",monyc-reservations@mohg.com,Customer
"The Oberoi, Bengaluru",generalmanager.Philae@oberoihotels.coms,Customer
"The Oberoi, Bengaluru",motpe-sales@mohg.com,Customer
"The Oberoi, Bengaluru",mokul-reservations@mohg.com,Customer
"The Oberoi, Bengaluru",mocna-reservations@mohg.com,Customer
"The Oberoi, Bengaluru",mowfj-reservations@mohg.com,Customer
"The Oberoi, Bengaluru",generalmanager.bengaluru@oberoihotels.com,Customer
"The Oberoi, Bengaluru",Generalmanager.Marrakech@oberoihotels.com,Customer
"The Oberoi, Bengaluru",mopud-reservations@mohg.com,Customer
"The Oberoi, Bengaluru",mobcn-reservations@mohg.com,Customer
"The Oberoi, Bengaluru",reservations@emiratespalace.ae,Customer
"The Oberoi, Bengaluru",generalmanager.mauritius@oberoihotels.com,Customer
"The Oberoi, Bengaluru",mopar-reservations@mohg.com,Customer
"The Oberoi, Bengaluru",modoh-info@mohg.com,Customer
"The Oberoi, Bengaluru",moryd-reservations@mohg.com,Customer
"The Oberoi, Bengaluru",Reservations.Zahra@oberoihotels.com,Customer
"The Oberoi, Bengaluru",lmhkg-reservations@mohg.com,Customer
"The Oberoi, Bengaluru",moszn-reservations@mohg.com,Customer
"The Oberoi, Bengaluru",generalmanager.rajvilas@oberoihotels.com,Customer
"The Oberoi, Bengaluru",generalmanager.zahra@oberoihotels.com,Customer
"The Oberoi, Bengaluru",mowas-reservations@mohg.com,Customer
"The Oberoi, Bengaluru",mobkk-reservations@mohg.com,Customer
"The Oberoi, Bengaluru",molon-reservations@mohg.com,Customer
"The Oberoi, Bengaluru",moprg-reservations@mohg.com,Customer
"The Oberoi, Bengaluru",generalmanager.udaivilas@oberoihotels.com,Customer
"The Oberoi, Bengaluru",mocmo-reservations@mohg.com,Customer
"The Oberoi, Bengaluru",generalmanager.bali@oberoihotels.com,Customer
"The Oberoi, Bengaluru",mocan-reservations@mohg.com,Customer
"The Oberoi, Bengaluru",momac-reservations@mohg.com,Customer
"The Oberoi, Bengaluru",mrmad-reservations@mohg.com,Customer
"The Oberoi, Bengaluru",reservations.TOSH@oberoihotels.com,Customer
"The Oberoi, Bengaluru",generalmanager.vanyavilas@oberoihotels.com,Customer
"The Oberoi, Bengaluru",mojkt-reservations@mohg.com,Customer
"The Oberoi, Bengaluru",reservations.mauritius@oberoihotels.com,Customer
"The Oberoi, Bengaluru",generalmanager.kolkata@oberoihotels.com,Customer
"The Oberoi, Bengaluru",generalmanager.sahlhasheesh@oberoihotels.com,Customer
"The Oberoi, Bengaluru",generalmanager.cecil@oberoihotels.com,Customer
"The Oberoi, Bengaluru",mosin-reservations@mohg.com,Customer
"The Oberoi, Bengaluru",generalmanager.sukhvilas@oberoihotels.com,Customer
"The Oberoi, Bengaluru",mogva-reservations@mohg.com,Customer
"The Oberoi, Bengaluru",Generalmanager.vindhyavilas@oberoihotels.com,Customer
"The Oberoi, Bengaluru",reservation.tobi@oberoihotels.com,Customer
"The Oberoi, Bengaluru",reservations@oberoigroup.com,Customer
"The Oberoi, Bengaluru",momln-reservations@mohg.com,Customer
"The Oberoi, Bengaluru",motyo-reservations@mohg.com,Customer
"The Oberoi, Bengaluru",mogzh-reservations@mohg.com,Customer
"The Oberoi, Bengaluru",mobos-reservations@mohg.com,Customer
"The Oberoi, Bengaluru",generalmanager.mumbai@oberoihotels.com,Customer
"The Oberoi, Bengaluru",generalmanager.wildflowerhall@oberoihotels.com,Customer
"The Oberoi, Bengaluru",moist-reservations@mohg.com,Customer
"The Oberoi, Bengaluru",mostg-reservations@mohg.com,Customer
"The Oberoi, Bengaluru",generalmanager.amarvilas@oberoihotels.com,Customer
"The Oberoi, Bengaluru",reservations.marrakech@oberoihotels.com,Customer
"The Oberoi, Bengaluru",mohkg-reservations@mohg.com,Customer
"The Oberoi, Bengaluru",momia-reservations@mohg.com,Customer
"The Oberoi, Bengaluru",momuc-reservations@mohg.com,Customer
"The Oberoi, Bengaluru",reservations.nailafort@oberoihotels.com,Customer
"The Oberoi, Bengaluru",molzn-reservations@mohg.com,Customer
"The Oberoi, Bengaluru",momay-info@mohg.com,Customer
"The Oberoi, Bengaluru",reservation.toli@oberoihotels.com,Customer
"The Oberoi, Bengaluru",mosan-reservations@mohg.com,Customer
"The Oberoi, Bengaluru",mobod-reservations@mohg.com,Customer
"The Oberoi, Bengaluru",generalmanager.gurgaon@oberoihotels.com,Customer
"The Oberoi, Bengaluru",generalmanager.delhi@oberoihotels.com,Customer
"The Oberoi, Bengaluru",generalmanager.lombok@oberoihotels.com,Customer
The LaLiT Ashok Bengaluru,resvblr@thelalit.com,Customer
Nalapad Hotel Bangalore International,sales@bangaloreinternational.com,Customer
LANGFORD KEYS By TGI,southend@tgihotels.com,Customer
LANGFORD KEYS By TGI,accts.lefoliage@tgihotels.com,Customer
LANGFORD KEYS By TGI,crs@tgihotels.com,Customer
LANGFORD KEYS By TGI,reservations@tgihotels.com,Customer
LANGFORD KEYS By TGI,dgm.crs@tgihotels.com,Customer
LANGFORD KEYS By TGI,langfordkeys@tgihotels.com,Customer
LANGFORD KEYS By TGI,reservations@tgihtoels.com,Customer
Olive Zip Richmond Circle by Embassy Group,elevates@3x.webp,Customer
Olive Zip Richmond Circle by Embassy Group,info@oliveliving.com,Customer
Olive Zip Richmond Circle by Embassy Group,new_respbanner@3x-scaled-1.webp,Customer
Olive Zip Richmond Circle by Embassy Group,group-2@3x-4.webp,Customer
TEMPLE TREE HOTEL,reservations@templetreehotel.com,Customer
The Signature Inn,manager@thesignatureinn.in,Customer
The Signature Inn,reservations@thesignatureinn.in,Customer
SOUTHERNSTAR BANGALORE,rm@hotelsothernstar.com,Customer
"FabHotel Greenwood Xpress - Hotel Near Hal Old Airport Road, Bangalore",bookings@fabhotels.com,Customer
Laika Boutique Stay,mysore@laika.in,Customer
Laika Boutique Stay,agency@easy-news.info,Customer
Laika Boutique Stay,seogroup09@gmail.com,Customer
Laika Boutique Stay,donbytherivah@cox.net,Customer
Laika Boutique Stay,sabricattani@gmail.com,Customer
Laika Boutique Stay,caroline.cadeac@wanadoo.fr.php,Customer
Golden Lotus Boutique Suites,typesetit@att.net,Customer
Hotel Paramos Inn,info@hotgriddle.in,Customer
Hotel Paramos Inn,info@paramos.in,Customer
The Auberge Boutique Hotel,customersupport@theauberge.in,Customer
Casa Cottage Hotel,casacottage@gmail.com,Customer
"ICON Boutique Hotel, Domlur, Indiranagar",corprevenue@iconhotelsindia.in,Customer
"ICON Boutique Hotel, Domlur, Indiranagar",resv.boutique@iconhotelsindia.com,Customer
Svenska Design Hotels,luxury@svenskahotels.com,Customer
Sterling's Mac Hotel Bengaluru,info@sterlingsmachotel.com,Customer
Sterling's Mac Hotel Bengaluru,reservations.hotels@sterlingsmac.biz,Customer
Trinity Suites,checkin@trinitysuites.in,Customer
AB Clothing Co,mail@1234567.com,Customer
AB Clothing Co,abclothingss@gmail.com,Customer
Pan valley,mukeshclothingco@gmail.com,Customer
Pan valley,u003Emukeshclothinco@gmail.com,Customer
Pan valley,info@mukeshclothingco.com,Customer
Pan valley,mukeshclothinco@gmail.com,Customer
TTH The Tenth House,Gift-world-Expo-2024@giftsworldexpo-Stall-no-G24.mp,Customer
TTH The Tenth House,care@thetenthhouse.in,Customer
Salonee Silks n Cotton,support@salonee.in,Customer
Ronak International,info@ronakinternational.in,Customer
BANGALORE CITY HARDWARE,bcihardwares@gmail.com,Customer
Metro Hardware (since 1963),metrohardware1963@gmail.com,Customer
Mahaveer Hardware,info@mahaveerhardware.com,Customer
Masterpiece Hardware Store,info@masterpiecehardware.in,Customer
Navkar Hardware - WHOLESALE DEALER OF HARDWARE GOODS,7colourhardware@gmail.com,Customer
Sri Balaji Traders - Wholesale Dealers in Hardware Items,sbtbangalore2014@gmail.com,Customer
Burhani Hardware Stores,mufi@shibaam.com,Customer
Vishal Electronics,info@vishalelectronics.in,Customer
"Vardhaman Electronics Since 1984 (S.P Road, Bengaluru)",vardhamanelectronicssp@gmail.com,Customer
Sri Lakshmi Electronics — the tv Remote store,venkykalburgi60@gmail.com,Customer
Croma - JP Nagar,sma439@croma.com,Customer
Croma - JP Nagar,Sma472@croma.com,Customer
Croma - JP Nagar,rmm-bannergutta.sm-a066@croma.com,Customer
Croma - JP Nagar,banshankari-sm-a073@croma.com,Customer
Croma - JP Nagar,sma489@croma.com,Customer
Croma - JP Nagar,kormangala-23innerringrd.sm-a058@croma.com,Customer
Croma - JP Nagar,jayanagar-sm-a113@croma.com,Customer
Croma - JP Nagar,sma326@croma.com,Customer
Croma - JP Nagar,Sma561@croma.com,Customer
Croma - JP Nagar,Sma642@croma.com,Customer
Croma - JP Nagar,indiranagar-purbaraag.sm-a045@croma.com,Customer
Croma - JP Nagar,sma515@croma.com,Customer
Croma - JP Nagar,jpnagar-woodys.sm-a056@croma.com,Customer
KANCHAN COMPUTERS & ELECTRONICS,kanchan.naveen@gmail.com,Customer
Cherrypick India - Best Furniture Shop in Bangalore,livenstyle@gmail.com,Customer
Ashley - St Johns Road,info@stagheaddesigns.com,Customer
Ashley - St Johns Road,hlip@hauslife.com.my,Customer
Durian Furniture - Bengaluru - Shivaji Nagar,customersupport@durian.in,Customer
Furnishka JP Nagar - Furniture Shop in Bangalore | Flagship Store,info@Furnishka.com,Customer
Furnishka JP Nagar - Furniture Shop in Bangalore | Flagship Store,marketing@furnishka.com,Customer
"Metercube Store in MG Road, Bengaluru",helpdesk@metercube.com,Customer
"Godrej Interio - Furniture Store in Kasturaba Road, Bengaluru",bsvinay@gmail.com,Customer
"Godrej Interio - Furniture Store in Kasturaba Road, Bengaluru",rahulch@godrej.com,Customer
"Godrej Interio - Furniture Store in Kasturaba Road, Bengaluru",alphabuild1@gmail.com,Customer
"Godrej Interio - Furniture Store in Kasturaba Road, Bengaluru",interiocare@godrej.com,Customer
"Godrej Interio - Furniture Store in Kasturaba Road, Bengaluru",kush@godrej.com,Customer
"Godrej Interio - Furniture Store in Kasturaba Road, Bengaluru",sikal.godrej@gmail.com,Customer
"Wooden Street - Furniture Shop/Store in HSR Layout, Bangalore",support@woodenstreet.com,Customer
"Wooden Street - Furniture Shop/Store in HSR Layout, Bangalore",care@woodenstreet.com,Customer
Chairs & Company - Home Decor | Custom Furniture | Luxury Furniture Stores in Bangalore,connect@chairsandcompany.in,Customer
Classic Automotives Bangalore - Used Car Showroom,mail@classicautomotives.net,Customer
car&bike (by Mahindra First Choice ) ACE MOTORS - Bangalore,contact@carandbike.com,Customer
"Advaith Hyundai Car Showroom, Vasanth Nagar",salesmr@advaithhyundai.com,Customer
Big Boy Toyz,Sales@bigboytoyz.com,Customer
Big Boy Toyz,sales@bigboytoyz.com,Customer
car&bike (By Mahindra First Choice) Sireesh Auto - Bangalore,contact@carandbike.com,Customer
LUXURY MOTORZ,proluxurymotorz@gmail.com,Customer
LUXURY MOTORZ,info@gmail.com,Customer
LUXURY MOTORZ,info@luxurymotorz.com,Customer
car&bike (By Mahindra First Choice) Top Gear Cars - Bangalore,contact@carandbike.com,Customer
Mercedes-Benz Sundaram Motors,cresalesddk@sundarammotors.com,Customer
MG Motor Jubilant Motor Showroom,mgmotorindia@gmail.com,Customer
Lexus Bangalore,contact@lexusindia.co.in,Customer
Volkswagen Bangalore Koramangala - Showroom,dymgr.bangalore@vw-kuncapital.co.in,Customer
Volkswagen Bangalore Koramangala - Showroom,servicehead.bangalore@vw-kuncapital.co.in,Customer
Volkswagen Bangalore Koramangala - Showroom,servicecrm.ambattur@vw-kuncapital.co.in,Customer
Volkswagen Bangalore Koramangala - Showroom,servicecrm.ambattur@vw-kuncapital.co.in,Customer
Advaith Hyundai Car Showroom Residency Road,corporatesales1@advaithhyundai.com,Customer
"Kia Car Showroom - PPS Kia, Mysore Road",customercare@naarakia.com,Customer
"Kia Car Showroom - PPS Kia, Mysore Road",salesmanager.kiablr@automotiveml.com,Customer
"Kia Car Showroom - PPS Kia, Mysore Road",manager.accounts@advaithkia.com,Customer
"Kia Car Showroom - PPS Kia, Mysore Road",rajath@epitomekia.in,Customer
"Kia Car Showroom - PPS Kia, Mysore Road",accho@advaithkia.com,Customer
Spark3fitness Best Gym in Bangalore,spark3fitness3@gmail.com,Customer
Rockwall Fitness,rockwallfitness99@gmail.com,Customer
Fitness Club,konainaliya@gmail.com,Customer
CHI The Spa,info.slbl@shangri-la.com,Customer
CHI The Spa,chi.slbl@shangri-la.com,Customer
"Bodycraft Salon, Spa & Clinic - Lavelle Road",guestrelations@bodycraft.co.in,Customer
Urban Aqua International Spa - Best Spa in Koramangala,info@urbanaquaspa.com,Customer
Too Yoo Spa by Tattva Wellness Spa,hello@tattvaspa.com,Customer
The Capital International Spa -Royal Jacuzzi | Turkish Hammam | Luxury spa,info@thecapitalspa.in,Customer
New Era International Spa,admin@neweraspa.in,Customer
Spa Nest - Spa In Koramangala,spanest.koramangala@gmail.com,Customer
Delta Spa in Koramangala - Jacuzzi Spa - Massage Spa Koramangala - Best Spa,info@deltasalonandaspa.com,Customer
Shaakya Spa & Wellness,info@shaakyasp.com,Customer
Diabliss Medical Centre (Dr Karunesh Kumar H S)Best Diabetologist and General Physician in Koramangala,name@domain.com,Customer
Narayana Clinic & Pharmacy | Jayanagar,u003esupport@narayanahealth.insurance,Customer
Narayana Clinic & Pharmacy | Jayanagar,support@narayanahealth.insurance,Customer
Dental Lavelle,enquiries@dentallavelle.com,Customer
Bright Dental Clinic,mrinalmaiti2008@gmail.com,Customer
Bright Dental Clinic,dr.mrinalmaiti@gmail.com,Customer
Hayes Dental Clinic,hayesdentalbangalore@gmail.com,Customer
Dental Solutions,drbalu2002@dsblr.com,Customer
Amaya Dental,amayadental.ind@gmail.com,Customer
"Clove Dental Clinic in Langford Road, Bangalore",care@clovedental.com,Customer
"Dr Ali's DentaCare | Dentist, RCT & Orthodontic Center in Bengaluru",dralisdentacare@gmail.com,Customer
"Apollo Dental Clinic, Seshadripuram | Best Dental Clinic in Bengaluru | Root Canals, Aligners, Implants, Crowns",info@apollodental.in,Customer
Curaden Dental Clinic,care@curaden-clinic.in,Customer
Chisel Dental Clinic,chiseldentalclinics@gmail.com,Customer
Richmond dental and aesthetic centre,contact@richmonddental.in,Customer
VK Dental Care | Best Dental Clinic in Bangalore,vkmaxfacs@gmail.com,Customer
Aster Pharmacy - Sampangiramnagar,customercare@asterpharmacy.in,Customer
Aster Pharmacy - Sampangiramnagar,askaster@asterdmhealthcare.com,Customer
Aster Pharmacy - VV Puram,customercare@asterpharmacy.in,Customer
Aster Pharmacy - VV Puram,askaster@asterdmhealthcare.com,Customer
MedPlus Hal Indira Nagar,wecare@medplusindia.com,Customer
Aster Pharmacy - Rajaji Nagar 80 FT Road,customercare@asterpharmacy.in,Customer
Aster Pharmacy - Rajaji Nagar 80 FT Road,askaster@asterdmhealthcare.com,Customer
MedPlus Sampangiram Nagar,wecare@medplusindia.com,Customer
Gururaja Medicals,gururajamedical@gmail.com,Customer
MedPlus Hanumanth Nagar,wecare@medplusindia.com,Customer
Reliance SMART Bazaar,reliancesmartofficial@gmail.com,Customer
Reliance SMART Bazaar,smart_ka.bengaluru_td8b@zmail.ril.com,Customer
Reliance SMART Bazaar,sup_market_kar.bengaluru_t9uc@zmail.ril.com,Customer
Thom’s Bakery,thomsbakeryonline@gmail.com,Customer
Mango hypermarket,info@mangohypermarket.in,Customer
More Supermarket - V V Puram Bengaluru,hello@more.in,Customer
Ratnadeep Supermarket,info@ratnadeep.com,Customer
Foodstories Bangalore,care@foodstories.shop,Customer
Nature's Basket,cs@naturesbasket.co.in,Customer
Nature's Basket,cs@naturesbasket.co.in,Customer
Barcode Printers Bangalore,posprintersbangalore@gmail.com,Customer
PRINT PROCESS,printprocess09@gmail.com,Customer
Mudrikaa Prints & Corporate Gifts - Bangalore,marketing@mudrikaaprints.in,Customer
Mudrikaa Prints & Corporate Gifts - Bangalore,marketing.mudrikaa@gmail.com,Customer
"Print Space : acrylic photo frame, shape cut sticker, standee, posters & visiting card",hello@printspace.in,Customer
Omkar Print Lab,info@omkarprintlab.in,Customer
Zeal Integrated Marketing Solutions - Event Management Company - Bangalore,varun.manay@zealintegrated.com,Customer
Zeal Integrated Marketing Solutions - Event Management Company - Bangalore,connect@zealintegrated.in,Customer
Dreams Events and Services | Event Management Company in Bangalore,bala@deands.com,Customer
Erigo Events - Corporate Events & Wedding Planners,info@erigoevent.com,Customer
Navavarn Events & Marketing Pvt Ltd,connect@navavarnevents.com,Customer
Navavarn Events & Marketing Pvt Ltd,info@navavarnevents.com,Customer
G Unit Events - Corporate Event Management Company in Bangalore.,info@gunitevents.com,Customer
Host India Events & Marketing Pvt. Limited,contact@hostindiaevents.com,Customer
Butterflies Event Management - Event Planner,butterflieseventbangalore07@gmail.com,Customer
Event-U-All,info@eventuall.com,Customer
Forcefudge Events | Carnival Games Rentals in Bangalore,forcefudge@gmail.com,Customer
Maze Events – Event Management Company in Bangalore,muqheet@mazeevents.in,Customer
Bliss Event Management,info@blissevent.in,Customer
Kanasu Events Bengaluru,kanasueventsbengaluru@gmail.com,Customer
Oyster Holidays India | Best Travel Agent | Leading Travel Agency | Domestic & International Tour Experts,dada@oysterholidaysindia.com,Customer
IRI iFly Holidays Best Travel Agency Best travel company Vijayanagar in Bangalore India,iriiflyholidays@gmail.com,Customer
Travel Comfort – Your Local & International Travel Agency,support@travelcomfort.in,Customer
GT Holidays,hello@yoursite.com,Customer
GT Holidays,mail@gtholidays.in,Customer
Trawel Mart World Tours Pvt Ltd,webquiry@trawelmart.com,Customer
Skyway International Travels,info@skywaytour.com,Customer
Travelbell,info@travelbell.in,Customer
Travelbell,info@travelbell.in,Customer
Travelbell,info@domain.com,Customer
TRAVEL OF INDIA,fly@travelofindia.com,Customer
Swarna Tours and Travels,swarnatourstravels@gmail.com,Customer
Go Pravasa - Best Travel Company in Bangalore,info@gopravasa.com,Customer
Go Pravasa - Best Travel Company in Bangalore,produce-ui@gmail.com,Customer
Honeybee trips,info@honeybeetrips.com,Customer
BHARAT IAS AND KAS Coaching Academy,bharatiasandkas@gmail.com,Customer
BHARAT IAS AND KAS Coaching Academy,bharatiasandkasacademy@gmail.com,Customer
Jnanadeepa Institute For IAS KAS,jnanadeepaias@gmail.com,Customer
GATEIIT,legal@gateiit.com,Customer
GATEIIT,gatecoaching2011@gmail.com,Customer
GATEIIT,support@gateiit.com,Customer
"AMOGHAVARSHA IAS KAS ACADEMY - PSI Coaching, UPSC Coaching, PDO Coaching, Best IAS & KAS Coaching Centre in Bangalore",info@amoghavarshaiaskas.in,Customer
Rita Academy Coaching Classes CBSE & ICSE | PUC Tuition Center,info@ritaacademy.com,Customer
"PRASAD'S BANKING SSC CAT & CDS COACHING INSTITUTION,BANGALORE",mail@prasadsacademy.com,Customer
"SuccessEdge Academy - Best CA, CS, CMA and ACCA Institute in Bangalore",example@mysite.com,Customer
"SuccessEdge Academy - Best CA, CS, CMA and ACCA Institute in Bangalore",Successedgeteam@gmail.com,Customer
Academy of Public Speaking| By Dirish Mohan,dirishm@gmail.com,Customer
Growing Kidiz,info@growingkidiz.com,Customer
FOOTPRINT MONTESSORI,shivfootprint@rediffmail.com,Customer
"EuroKids PreSchool in Koramangala, Bengaluru",indirantrivedi@gmail.com,Customer
SANFORD WINGS International Preschool-Nursery school| Play school| kindergarten| Daycare schools in INDIRANAGAR,contact.sanfordwings@gmail.com,Customer
"Yello Preschool and Daycare, Richmond Town",info@iamyello.com,Customer
"EuroKids PreSchool in Indiranagar, Bangalore",eurokidsindiranagar@gmail.com,Customer
"Little Elly - Preschool in Jayanagar, Bengaluru",franchise@littleelly.com,Customer
"Little Elly - Preschool in Jayanagar, Bengaluru",enquiry@littleelly.com,Customer
"Footprints: Play School & Day Care, Preschool Jayamahal Extension",admin@footprintseducation.in,Customer
"EuroKids PreSchool in Jayanagar, Bengaluru",ek.3rdblkjayanagar@gmail.com,Customer
Anusha Shetty Designs Luxury Atelier - Best Interior Designers in Bangalore | Best Luxury Interior Designers Bangalore,marketing@anushashettydesigns.com,Customer
The KariGhars - Best Interior Designer in Bangalore,support@thekarighars.com,Customer
Bhavana Interiors & Decorators - Residential and Commercial Interior Designers in Bangalore,info@bhavanainteriordecorators.com,Customer
Asher Spaces - Interior Designers Company in Bangalore,info@asherspaces.com,Customer
WeDezine Studio,info@wedezinestudio.com,Customer
WeDezine Studio,info@wedezinestudio.com,Customer
RAV Interiors | Best Interior Company in Bangalore,ravinteriorsbng@gmail.com,Customer
WEA Designs Private Limited | Interior Designers in Bangalore,sales@weadesign.com,Customer
De Panache Luxury Interiors - Interior Designers in Bangalore (Please take prior appointment by calling at our office number),careers@depanacheinteriors.com,Customer
De Panache Luxury Interiors - Interior Designers in Bangalore (Please take prior appointment by calling at our office number),info@depanacheinteriors.com,Customer
Cee Bee Design Studio - Interior Designer in Bangalore,Sangeeta.ceebeedesignstudio@gmail.com,Customer
Cee Bee Design Studio - Interior Designer in Bangalore,chitralekha@ceebeedesignstudio.com,Customer
AK INTERIORS **+,akinteriors77@yahoo.com,Customer
BLUCAP INTERIORS,interiors@blucap.in,Customer
ARCANE STUDIO - Luxury Interiors in Bangalore I Premium Construction in Bangalore,projects@arcanestudio.in,Customer
BuildHii,info@buildhii.com,Customer
Ace Interiors & Architects,info@aceinteriors.co,Customer
S A CARPENTER AND INTERIOR DESIGN BANGALORE | Interior Designer in Bangalore | Custom Home Design,info@sainteriors.in,Customer
Nesture Interior - Interior Designer In Bangalore,tarunverma9990@gmail.com,Customer
Bhumiputra Architecture,ashetty@bhumi-putra.com,Customer
Bhumiputra Architecture,careers@bhumi-putra.com,Customer
Bhumiputra Architecture,gopi@bhumi-putra.com,Customer
Kamat & Rozario Architecture,contact@kamatrozario.com,Customer
Sublime Architects,info@sublimearchitects.com,Customer
Sublime Architects,murali@sublimearchitects.com,Customer
RC Architecture,info@rapidcorpindia.com,Customer
Thomas Associates..,products@thomassociates.com,Customer
Thomas Associates..,enquiries@thomassociates.com,Customer
Thomas Associates..,careers@thomassociates.com,Customer
Ashwin Architects,info@ashwinarchitects.com,Customer
DB ARCHITECTS PVT LTD,info@dbarchitects.in,Customer
DB ARCHITECTS PVT LTD,info@dbarchitects.in,Customer
DB ARCHITECTS PVT LTD,designs@dbarchitects.in,Customer
Locus,help@smugmug.com,Customer
The Collective,customercare@thecollective.in,Customer
Lulu Mall Bengaluru,webadmin@luluindia.com,Customer
Lifestyle Stores,help@lifestylestores.com,Customer
Lifestyle Stores,mlrcc.srmgr@landmarkgroup.in,Customer
Westside,westside@trent-tata.com,Customer
Phoenix Marketcity,hello@gmail.com,Customer
Eastern Stores,info@easternstores.com,Customer
Safina Plaza,info@safinaplaza.com,Customer
The Shop,characters@characters.domain,Customer
Collage Shop Store,callcollageblr@gmail.com,Customer
Orion Mall,priyanka@orionmalls.com,Customer
Orion Mall,poonamnaik@orionmalls.com,Customer
Orion Mall,gre@orionmalls.com,Customer
Orion Mall,jejjujacob@brigadegroup.com,Customer
"The Bombay Store - Garuda Mall, Bengaluru",feedback@bombaystore.com,Customer
"The Bombay Store - Garuda Mall, Bengaluru",orders@bombaystore.com,Customer
M5 Ecity Mall,rajesh.naidu@ppz.co.in,Customer
Bangalore Spring Industries,info@bangaloresprings.com,Customer
Greenlam Industries Ltd - Branch Bangalore,info@greenlamindustries.com,Customer
Jayshree Industries,exports@jayshreeindustries.net,Customer
Jayshree Industries,info@jayashree.com,Customer
Bal Pharma Limited,info@balpharma.com,Customer
Bal Pharma Limited,info@balpharma.com,Customer
Raytech Electronics,info@raytech-electronics.com,Customer
MicroLOGIX,purchase@e-micrologix.com,Customer
MicroLOGIX,sales@e-micrologix.com,Customer
Meru Precision Industries,merushiv@yahoo.com,Customer
Resistors Manufacturing Company,sales@rmc-india.com,Customer
The Startup Zone,support@thestartupzone.in,Customer
StartuphouZ | One Stop Solution for Startup Needs,meetus.startuphouz@gmail.com,Customer
STARTUP KARNATAKA,startupcell@karnataka.gov.in,Customer
Bunker Integrated,info@bunkerintegrated.in,Customer
Bunker Integrated,info@bunkerintegrated.in,Customer
Summentor Pro Business Consultants,info@summentorpro.com,Customer
NowFloats Technologies Limited,work@nowfloats.com,Customer
NowFloats Technologies Limited,ria@nowfloats.com,Customer
Sparkleminds - Best Franchise Consultants In India Since 1998,franchise@sparkleminds.com,Customer
StartupCoE.com,learn.101courses@gmail.com,Customer
StartupCoE.com,Startupscoe@gmail.com,Customer
StartupCoE.com,example@dmin.com,Customer
"O.G. Variar and Sons, Variar Bakery",ogvariarbakery@gmail.com,Customer
Amintiri - Cafe | Patisserie | Gifting,hello@amintiri.in,Customer
Magnolia Bakery,hello@magnoliabakery.com,Customer
Magnolia Bakery,media@magnoliabakery.com,Customer
Theobroma,contact@theobroma.in,Customer
German BrezelHaus - Bakery & Bistro,info@germanbrezelhaus.com,Customer
German BrezelHaus - Bakery & Bistro,user@domain.com,Customer
Magnolia Bakery,hello@magnoliabakery.com,Customer
Magnolia Bakery,media@magnoliabakery.com,Customer
Sreenivasa Brahmins Bakery,sreenivasabrahmminsbakery@gmail.com,Customer
"Iris Café & Kitchen, JP Nagar",hsr@iriscafe.in,Customer
"Iris Café & Kitchen, JP Nagar",info@domainname.com,Customer
"Iris Café & Kitchen, JP Nagar",jpn@iriscafe.in,Customer
"Iris Café & Kitchen, JP Nagar",jayanagar@iriscafe.in,Customer
Roastea - Curated Coffee And Tea Artisans,feedback@roastea.in,Customer
The Hole In The Wall Cafe,the.hole.in.the.wall.cafe@gmail.com,Customer
Over Coffee,overcoffeeindia@gmail.com,Customer
Kake Di Hatti Indiranagar,kakedihatti1942@gmail.com,Customer
Bombay Brasserie - Indiranagar,marketing@bombay-brasserie.in,Customer
"Chianti, Indiranagar",chiantibangalore@gmail.com,Customer
Truffles - Indiranagar,info@truffles.net.in,Customer
The Reservoire Indiranagar,thereservoire@gmail.com,Customer
Toit,toitblr.east@toit.in,Customer
Toit,toitpune@toit.in,Customer
Toit,toitmumbai@toit.in,Customer
Toit,toitblr@toit.in,Customer
Toit,TOITBLR@TOIT.IN,Customer
Toit,toitblr.east@toit.in,Customer
Pizza 4P's Indiranagar,feedback@pizza4ps.com,Customer
Pizza 4P's Indiranagar,info@pizza4ps.com,Customer
Pasta Street - Indiranagar,info@pastastreet.co.in,Customer
Burma Burma Restaurant & Tea Room,name@email.com,Customer
Burma Burma Restaurant & Tea Room,jane@framer.com,Customer
Burma Burma Restaurant & Tea Room,info@burmaburma.in,Customer
Little Italy Indiranagar,marketing@littleitaly.in,Customer
Little Italy Indiranagar,jamshedpur@littleitaly.in,Customer
Little Italy Indiranagar,anmoltmehta@gmail.com,Customer
Little Italy Indiranagar,ghaziabad@littleitaly.in,Customer
Little Italy Indiranagar,areamanager1@littleitaly.in,Customer
Little Italy Indiranagar,bhopal@littleitaly.in,Customer
Little Italy Indiranagar,areamanager2@littleitaly.in,Customer
Little Italy Indiranagar,areamanager.pune@littleitaly.in,Customer
Little Italy Indiranagar,bhilwara@littleitaly.in,Customer
Little Italy Indiranagar,agra@littleitaly.in,Customer
Little Italy Indiranagar,areamanager.blr@littleitaly.co.in,Customer
Little Italy Indiranagar,pundlikapai@littleitaly.in,Customer
House of Commons,gm@jupiterhospitality.com,Customer
House of Commons,meetraghavkrish@gmail.com,Customer
Chowman (Indiranagar),Chowmankolkata@gmail.com,Customer
Chowman (Indiranagar),support@chowman.in,Customer
Chowman (Indiranagar),foodiedada@gmail.com,Customer
Chowman (Indiranagar),feedback@chowman.in,Customer
Olive Hotel Indiranagar By Embassy Group,elevates@3x.webp,Customer
Olive Hotel Indiranagar By Embassy Group,info@oliveliving.com,Customer
Olive Hotel Indiranagar By Embassy Group,new_respbanner@3x-scaled-1.webp,Customer
Olive Hotel Indiranagar By Embassy Group,group-2@3x-4.webp,Customer
La Sara Hometel,crm@lasarahotels.com,Customer
Lazdana Hotel Bangalore,reservations@lazdana.com,Customer
Lazdana Hotel Bangalore,sales@lazdana.com,Customer
Lazdana Hotel Bangalore,reservations.blr@lazdana.com,Customer
Olive Hotel Indiranagar 100Ft Road by Embassy Group,elevates@3x.webp,Customer
Olive Hotel Indiranagar 100Ft Road by Embassy Group,info@oliveliving.com,Customer
Olive Hotel Indiranagar 100Ft Road by Embassy Group,new_respbanner@3x-scaled-1.webp,Customer
Olive Hotel Indiranagar 100Ft Road by Embassy Group,group-2@3x-4.webp,Customer
Octave Crystal Heights,reservations_pld@octavehotels.com,Customer
Octave Crystal Heights,reservations_glf@octavehotels.com,Customer
Octave Crystal Heights,reservations_jpn@octavehotels.com,Customer
Octave Crystal Heights,reservations_upt@octavehotels.com,Customer
Octave Crystal Heights,parisresidency1@gmail.com,Customer
Octave Crystal Heights,rnt.octavehotels@gmail.com,Customer
Octave Crystal Heights,reservations_roc@octavehotels.com,Customer
Octave Crystal Heights,hoteltajpalace7@gmail.com,Customer
Octave Crystal Heights,reservations_rgp@octavehotels.com,Customer
Octave Crystal Heights,info@kingsuites.com,Customer
Octave Crystal Heights,reservations@styloteljagadish.com,Customer
Octave Crystal Heights,reservations_jmy@octavehotels.com,Customer
Octave Crystal Heights,reservations_mth@octavehotels.com,Customer
Octave Crystal Heights,reservations_csl@octavehotels.com,Customer
Octave Crystal Heights,saarangforever@gmail.com,Customer
Octave Crystal Heights,reservations_orc@octavehotels.com,Customer
Octave Crystal Heights,reservations_rdy@octavehotels.com,Customer
Octave Crystal Heights,reservations_fmt@octavehotels.com,Customer
Octave Crystal Heights,reservations_chh@octavehotels.com,Customer
Octave Crystal Heights,naufalbedrody@octavehotels.com,Customer
Octave Crystal Heights,reservation@vishwaratnahotel.com,Customer
Octave Crystal Heights,reservations_cls@octavehotels.com,Customer
Octave Crystal Heights,reservations_kpk@octavehotels.com,Customer
Octave Crystal Heights,reservations_stu@octavehotels.com,Customer
Octave Crystal Heights,reservations_lsv@octavehotels.com,Customer
Octave Crystal Heights,mailmejagdish41@gmail.com,Customer
Octave Crystal Heights,reservations@octavehotels.com,Customer
Octave Crystal Heights,reservations_shp@octavehotels.com,Customer
Octave Crystal Heights,reservations_adi@octavehotels.com,Customer
Octave Crystal Heights,hotelverdisso2022@gmail.com,Customer
Octave Crystal Heights,kanakakrinacomfortskkc@gmail.com,Customer
Octave Crystal Heights,reservations_bun@octavehotels.com,Customer
Octave Crystal Heights,hil.octavehotels@gmail.com,Customer
Octave Crystal Heights,styloteljagadish@gmail.com,Customer
Octave Crystal Heights,reservations_nrv@octavehotels.com,Customer
Octave Crystal Heights,frontdesk.bgarh@bundelaresorts.com,Customer
Octave Crystal Heights,reservations_cap@octavehotels.com,Customer
Octave Crystal Heights,reservations_dbl@octavehotels.com,Customer
Octave Crystal Heights,reservations_crh@octavehotels.com,Customer
Octave Crystal Heights,reservations_him@octavehotels.com,Customer
Octave Crystal Heights,reservations_plz@octavehotels.com,Customer
Octave Crystal Heights,reservations_brk@octavehotels.com,Customer
Octave Crystal Heights,reservations_rop@octavehotels.com,Customer
Octave Crystal Heights,velsgrand.bangalore@gmail.com,Customer
Octave Crystal Heights,reservations_kan@octavehotels.com,Customer
Octave Crystal Heights,jmhotelspvtltd@gmail.com,Customer
Octave Crystal Heights,reservations_nst@octavehotels.com,Customer
Octave Crystal Heights,kul.octavehotels@gmail.com,Customer
Olive Zip Domlur by Embassy Group,elevates@3x.webp,Customer
Olive Zip Domlur by Embassy Group,info@oliveliving.com,Customer
Olive Zip Domlur by Embassy Group,new_respbanner@3x-scaled-1.webp,Customer
Olive Zip Domlur by Embassy Group,group-2@3x-4.webp,Customer
Olive Zip Indiranagar Metro by Embassy Group,elevates@3x.webp,Customer
Olive Zip Indiranagar Metro by Embassy Group,info@oliveliving.com,Customer
Olive Zip Indiranagar Metro by Embassy Group,new_respbanner@3x-scaled-1.webp,Customer
Olive Zip Indiranagar Metro by Embassy Group,group-2@3x-4.webp,Customer
UPAR Hotels Indiranagar,contact@uparhospitality.com,Customer
Hotel Royal Orchid,hello@regentarewards.com,Customer
"jüSTa Indiranagar, Bangalore",book@justahotels.com,Customer
"jüSTa Indiranagar, Bangalore",reservations-in.blr@justahotels.com,Customer
Sanctum Suites Indiranagar Bangalore,reservations@thesanctumsuites.com,Customer
VALKI EXPORTS PVT LTD,sales@valkiexports.com,Customer
LT Apparel Pvt. Ltd.,Carhartt.kids@ltapparel.com,Customer
LT Apparel Pvt. Ltd.,adidas.InsideSales@ltapparel.com,Customer
LT Apparel Pvt. Ltd.,info@ltapparel.com,Customer
"Envie (Indiranagar, Bengaluru)",care@envie.co.in,Customer
Amith Garment Services,testing.textile@amithgarmentservices.com,Customer
Amith Garment Services,textiletesting@amithgarmentservices.com,Customer
FASHIONS MULTIPLYY || Branded garments wholesalers in Bangalore,fashionsmultiplyy@gmail.com,Customer
Zoetex,info@zoetex.com,Customer
ATLANTIC INTERNATIONAL,atlanticintlblr@gmail.com,Customer
Uniform Nation,support@uniformnation.in,Customer
Indus Intex Private Limited (Factory),info@indus-tex.com,Customer
Indus Intex Private Limited (Factory),careers@indus-tex.com,Customer
"Taneira Sarees (Indiranagar, Bengaluru)",taneira@titan.co.in,Customer
"Taneira Sarees (Indiranagar, Bengaluru)",ecomsupport@titan.co.in,Customer
"Jaypore Store, Indiranagar",hello@jaypore.com,Customer
THRIYA SILKS PVT LTD,support@thriyasilks.com,Customer
THRIYA SILKS PVT LTD,sales@thriyasilks.com,Customer
"Soch at Indiranagar, Bengaluru",support@soch.com,Customer
"Freedom Tree Home Store in Bengaluru - furniture, home furnishings, upholstery & curtains, home decor, ceramics, and lighting",askft@freedomtreedesign.com,Customer
"Freedom Tree Home Store in Bengaluru - furniture, home furnishings, upholstery & curtains, home decor, ceramics, and lighting",askFT@freedomtreedesign.com,Customer
"Suta - Indiranagar, Bangalore. Best Sarees & Blouse Shop",info@suta.in,Customer
"Suta - Indiranagar, Bangalore. Best Sarees & Blouse Shop",abc@xyz.com,Customer
"Suta - Indiranagar, Bangalore. Best Sarees & Blouse Shop",example@email.com,Customer
Moriyo,care@moriyodecor.com,Customer
108 Bespoke,108@108bespoke.com,Customer
Bangalore Dor Tech Pvt. Ltd,bangalore@bangaloredortech.comm,Customer
Bangalore Dor Tech Pvt. Ltd,bangalore@bangaloredortech.com,Customer
Sri Sai Hardware Glass & Plywoods | GODREJ LOCKS | GODREJ SAFES | HETTICH,srisai99hgp@gmail.com,Customer
Shankara Buildpro,online@shankarabuildpro.com,Customer
Shankara Buildpro,customer@buildpro.store,Customer
Croma - Indiranagar,sma439@croma.com,Customer
Croma - Indiranagar,marathahalli-prbc.sm-a060@croma.com,Customer
Croma - Indiranagar,Sma472@croma.com,Customer
Croma - Indiranagar,phnxbglr-sm-a088@croma.com,Customer
Croma - Indiranagar,sma452@croma.com,Customer
Croma - Indiranagar,kormangala-23innerringrd.sm-a058@croma.com,Customer
Croma - Indiranagar,jayanagar-sm-a113@croma.com,Customer
Croma - Indiranagar,Sma561@croma.com,Customer
Croma - Indiranagar,sma724@croma.com,Customer
Croma - Indiranagar,Sma642@croma.com,Customer
Croma - Indiranagar,indiranagar-purbaraag.sm-a045@croma.com,Customer
Croma - Indiranagar,jpnagar-woodys.sm-a056@croma.com,Customer
Croma - Indiranagar,kalyanalar-ssmanor.sm-a018@croma.com,Customer
Girias,info@giriasindia.com,Customer
Reliance Digital,rahul.kulkarni@ril.com,Customer
Reliance Digital,crm_ahm.8872_alphaone@zmail.ril.com,Customer
Reliance Digital,crm_kar.tml2_indiranagar@zmail.ril.com,Customer
Sony Center - Arjay Retail,sellers@shopatSC.com,Customer
Sony Center - Arjay Retail,contactus@shopatsc.com,Customer
Samsung Experience Store Indiranagar,marathalli@conceptsinc.biz,Customer
Samsung Experience Store Indiranagar,slrnwp2105@gmail.com,Customer
Samsung Experience Store Indiranagar,ojas.rmn@gmail.com,Customer
Samsung Experience Store Indiranagar,samsung.phoenixmall@gmail.com,Customer
Samsung Experience Store Indiranagar,slrstorekrp@gmail.com,Customer
Samsung Experience Store Indiranagar,innisfree.kmg@gmail.com,Customer
Samsung Experience Store Indiranagar,info@abmdelight.com,Customer
Samsung Experience Store Indiranagar,sales@samsungsmartcafe.com,Customer
Samsung Experience Store Indiranagar,pinnacle.enterprises.kor@gmail.com,Customer
Samsung Experience Store Indiranagar,samsungtcp@aaaretail.in,Customer
Samsung Experience Store Indiranagar,samsung.kmh@aaaretail.in,Customer
Samsung Experience Store Indiranagar,ncscmh@conceptsinc.biz,Customer
Samsung Experience Store Indiranagar,jinnanitimes@gmail.com,Customer
MI experience center,3af74c2d5d8b493f93abc405cb83371a@alisgp-sentry.d.xiaomi.net,Customer
Royaloak Furniture CMH Road,rnr@royaloakindia.com,Customer
Royaloak Furniture CMH Road,bskr@royaloakindia.com,Customer
Royaloak Furniture CMH Road,tnr@royaloakindia.com,Customer
Royaloak Furniture CMH Road,bns@royaloakindia.com,Customer
Royaloak Furniture CMH Road,bhsr@royaloakindia.com,Customer
Royaloak Furniture CMH Road,wfd@royaloakindia.com,Customer
Royaloak Furniture CMH Road,bok@royaloakindia.com,Customer
Royaloak Furniture CMH Road,bng@royaloakindia.com,Customer
Royaloak Furniture CMH Road,kmh@royaloakindia.com,Customer
Royaloak Furniture CMH Road,krm@royaloakindia.com,Customer
Royaloak Furniture CMH Road,cmh@royaloakindia.com,Customer
Maharaja Furniture,parvaze@maharajafurniture.com,Customer
Home Centre,blrmrt.hccm@landmarkgroup.in,Customer
Home Centre,blrmantri.hccm@landmarkgroup.in,Customer
Home Centre,blrvchc.hccm@landmarkgroup.in,Customer
Home Centre,balaguravaiah.m@landmarkgroup.in,Customer
Home Centre,blrindiranagar.hccm@landmarkgroup.in,Customer
Home Centre,blrfshc.hccm@landmarkgroup.in,Customer
Home Centre,blradarsh.hccm@landmarkgroup.in,Customer
Home Centre,blroasis.hccm@landmarkgroup.in,Customer
Mahindra PPS Showroom Indiranagar Bangalore,crmservice.nag@ppsmahindra.com,Customer
Mahindra PPS Showroom Indiranagar Bangalore,dem@ppsmahindra.com,Customer
BIMAL AUTO AGENCY INDIA PVT. LTD. - Maruti,1.1@2x-300x200.webp,Customer
BIMAL AUTO AGENCY INDIA PVT. LTD. - Maruti,4.1@2x.webp,Customer
BIMAL AUTO AGENCY INDIA PVT. LTD. - Maruti,2.1@2x-255x170.webp,Customer
BIMAL AUTO AGENCY INDIA PVT. LTD. - Maruti,6.1@2x.webp,Customer
BIMAL AUTO AGENCY INDIA PVT. LTD. - Maruti,6.1@2x-255x170.webp,Customer
BIMAL AUTO AGENCY INDIA PVT. LTD. - Maruti,contactus@bimalmaruti.com,Customer
BIMAL AUTO AGENCY INDIA PVT. LTD. - Maruti,2.1@2x-300x200.webp,Customer
BIMAL AUTO AGENCY INDIA PVT. LTD. - Maruti,5.1@2x-300x200.webp,Customer
BIMAL AUTO AGENCY INDIA PVT. LTD. - Maruti,2.1@2x.webp,Customer
BIMAL AUTO AGENCY INDIA PVT. LTD. - Maruti,1.1@2x.webp,Customer
BIMAL AUTO AGENCY INDIA PVT. LTD. - Maruti,3.1@2x.webp,Customer
BIMAL AUTO AGENCY INDIA PVT. LTD. - Maruti,4.1@2x-255x170.webp,Customer
BIMAL AUTO AGENCY INDIA PVT. LTD. - Maruti,5.1@2x-255x170.webp,Customer
BIMAL AUTO AGENCY INDIA PVT. LTD. - Maruti,4.1@2x-300x200.webp,Customer
BIMAL AUTO AGENCY INDIA PVT. LTD. - Maruti,3.1@2x-300x200.webp,Customer
BIMAL AUTO AGENCY INDIA PVT. LTD. - Maruti,1.1@2x-255x170.webp,Customer
BIMAL AUTO AGENCY INDIA PVT. LTD. - Maruti,3.1@2x-255x170.webp,Customer
BIMAL AUTO AGENCY INDIA PVT. LTD. - Maruti,5.1@2x.webp,Customer
BIMAL AUTO AGENCY INDIA PVT. LTD. - Maruti,6.1@2x-300x200.webp,Customer
"Advaith Hyundai Service Center, Indiranagar",servicemgr.in@advaithhyundai.com,Customer
Nandi Toyota U TRUST - Hosur Road,services@renaissanceind.com,Customer
Honda BigWing Bengaluru East - Showroom (#BigWingBLR),contact@bigwingblr.com,Customer
Honda BigWing Bengaluru East - Showroom (#BigWingBLR),hire_me@bigwingblr.com,Customer
Honda BigWing Bengaluru East - Showroom (#BigWingBLR),hire_me@bigwingblr.com,Customer
"Indiranagar Vespa - Aprilia Scooters, RS 457 and Tuono 457 Bikes Showroom (Affine Automotive)",affineautomotive@gmail.com,Customer
"Tata Motors Cars Showroom - KHT Motors, Domlur",salesmanager.kamp@kropexauto.com,Customer
"Tata Motors Cars Showroom - KHT Motors, Domlur",siddappa@preranamotors.com,Customer
"Tata Motors Cars Showroom - KHT Motors, Domlur",service.dairycircle@kropexauto.com,Customer
"Tata Motors Cars Showroom - KHT Motors, Domlur",branchhead@khtmotors.com,Customer
"Tata Motors Cars Showroom - KHT Motors, Domlur",servicemanager.kamh@kropexauto.com,Customer
"Tata Motors Cars Showroom - KHT Motors, Domlur",carloans@khtmotors.com,Customer
"Tata Motors Cars Showroom - KHT Motors, Domlur",corporatesales@khtmotors.com,Customer
"Tata Motors Cars Showroom - KHT Motors, Domlur",salessupport@pcd.preranamotors.com,Customer
"Tata Motors Cars Showroom - KHT Motors, Domlur",sales.gm@kropexauto.com,Customer
"Tata Motors Cars Showroom - KHT Motors, Domlur",sales.dairycircle@kropexauto.com,Customer
"Tata Motors Cars Showroom - KHT Motors, Domlur",sm-kn@adishakticars.com,Customer
"Tata Motors Cars Showroom - KHT Motors, Domlur",gmsales@khtmotors.com,Customer
"Tata Motors Cars Showroom - KHT Motors, Domlur",dgmservice-blr@adishakticars.com,Customer
Royal Enfield Showroom - Teknik Motors,teknikmotors.indiranagar@dealer.royalenfield.com,Customer
TAFE Access Škoda Showroom,coo.blr@ppsskoda.com,Customer
TAFE Access Škoda Showroom,servicehead.blr@ppsskoda.com,Customer
TAFE Access Škoda Showroom,ssm.stmrk@tefeaccess.com,Customer
TAFE Access Škoda Showroom,customercare@karrskoda.in,Customer
TAFE Access Škoda Showroom,vpsales@rajaskodas.com,Customer
TAFE Access Škoda Showroom,srvmgr.okli@ppsskoda.com,Customer
TAFE Access Škoda Showroom,sales.sadashivanagar@ppsskoda.com,Customer
TAFE Access Škoda Showroom,sm.hosurroad@tafeaccess.com,Customer
TAFE Access Škoda Showroom,headservice@karrskoda.in,Customer
Figurine Fitness,santosh@figurinefitness.in,Customer
My Third Space,hello@mythirdspace.fit,Customer
Marie Claire Paris,marieclaire.indiranagar@gmail.com,Customer
Balance Wellness and Spa,info@balancewellnessspa.in,Customer
Havana the Salon | Indiranagar | for your Beauty,havanathesalon36@gmail.com,Customer
Havana the Salon | Indiranagar | for your Beauty,info@havanasalons.com,Customer
"Bodycraft Salon, Spa & Clinic - Indiranagar",guestrelations@bodycraft.co.in,Customer
Pride Thai Spa - Massage Spa Indiranagar Bengaluru,info@pridethaispa.com,Customer
Moonlight Salon and wellness,moonlightsalonwellness@gmail.com,Customer
Hwarang Thai Spa,info@hwarangthaispa.com,Customer
Eevee Luxury Spa,eeveeluxuryspa01@gmail.com,Customer
Eevee Luxury Spa,eeveeluxuryspa01@gmail.com,Customer
Blown - Salon - Indiranagar,info.newbelroad@blown.co.in,Customer
Blown - Salon - Indiranagar,info.indiranagar@blown.co.in,Customer
Blown - Salon - Indiranagar,customer.care@blown.co.in,Customer
Blown - Salon - Indiranagar,info.vittalmallyaroad@blown.co.in,Customer
Manipal Clinic Indiranagar,manipalclinic.indiranagar@manipalhospitals.com,Customer
Even Clinic Indiranagar 🎈,hello@even.in,Customer
"Revive Hospitals || Best Gynecologists, surgeons, pediatricians in Indiranagar Bangalore",marketing@revivehospitals.com,Customer
Dr Rao Medical Center,drraocenter@gmail.com,Customer
Lotus Diagnostic Centre,lotusdiagnostic@gmail.com,Customer
The Life Plus Women's Hospital & Fertility Centre,thelifeplushospitals@gmail.com,Customer
Apple Baby Clinic/ Revive Hospitals,marketing@revivehospitals.com,Customer
MEDRAY EVO AI DIAGNOSTIC CENTRE,appointments@medray.in,Customer
Dr. Health Clinic,support@drhealthclinic.com,Customer
Dr C Jagadeesh's Dental Clinic,user@domain.com,Customer
Dr C Jagadeesh's Dental Clinic,drcjagadeeshdentalclinic@gmail.com,Customer
Apollo Dental Indiranagar CMH Road | Best Dental Clinic in Indiranagar | Dentist in Indiranagar| Dental Implants | Invisalign,info@apollodentalindiranagar.com,Customer
Beyond Smiles Dental Clinic,drshobithshetty@gmail.com,Customer
Odus Dental Indiranagar | Best Dental Clinic in Indiranagar | Root Canal | Dental Implants | Invisalign Bangalore,odusdentalcare@gmail.com,Customer
American Dental Practices,info@americandentalpractices.in,Customer
"Happiest Pearls - Dental Clinic, Indiranagar (A Unit of Happiest Health)",jobs@happiesthealth.com,Customer
"Happiest Pearls - Dental Clinic, Indiranagar (A Unit of Happiest Health)",AtithiService@happiesthealth.com,Customer
Dezy Dental,care@dezy.com,Customer
Narayana Specialists Dental and Implant Center,care@narayanadental.com,Customer
All Care Dental Centre Indiranagar,drmuralimj@yahoo.com,Customer
Dental Sanctuary,info@dentalsanctuary.in,Customer
MedPlus Esi Hospital Road Indira Nagar,wecare@medplusindia.com,Customer
MedPlus Indira Nagar 2nd Stage New,wecare@medplusindia.com,Customer
KPN Fresh - Indiranagar,support@kpnfarmfresh.com,Customer
The Organic World - Indiranagar,hello@theorganicworld.com,Customer
Vishal Mega Mart,hk22.sm@vishalretail.co.in,Customer
Vishal Mega Mart,customercare@vishalmegamart.com,Customer
The Sign Lab,thesignlab1@gmail.com,Customer
NewPrintHouse - Digital Printing and sign board,printhousebangalore@gmail.com,Customer
NewPrintHouse - Digital Printing and sign board,nphblr@gmail.com,Customer
Acme Experience Marketing Pvt Ltd,hr@acmeexperience.com,Customer
Acme Experience Marketing Pvt Ltd,info@acmeexperience.com,Customer
Artisans Events - Event Management,info@artisansmedia.com,Customer
GRAPE EVENTS PVT LTD,info@grapevents.com,Customer
Meragi Events,contact@meragi.com,Customer
Optimum Promotions and Events - Brand Activation and Event Management Company in Bangalore,info@optimumpromos.com,Customer
Celebrations By Evolves Group,evolvesevents@gmail.com,Customer
Celebrations By Evolves Group,evolveevents@gmail.com,Customer
Thomas Cook - Indiranagar | Holidays & Forex,Sameer.kulkarni@thomascook.in,Customer
LUXURY WORLD TOURS,reservation@luxuryworldtours.in,Customer
Trinity Air Travel And Tours Pvt Ltd,info@trinityworldholidays.com,Customer
VISHAL TOURS & TRAVELS,bookings@vishaltoursandtravels.in,Customer
VISHAL TOURS & TRAVELS,abc@gmail.com,Customer
Enchanting Travels,contact@enchantingtravels.com,Customer
Freedom Holidays,info@freedomholidayseurope.com,Customer
Veena World - Bengaluru Indiranagar,feedback@veenaworld.com,Customer
Veena World - Bengaluru Indiranagar,psp.sunnydaysholiday@veenaworld.com,Customer
Veena World - Bengaluru Indiranagar,travel@veenaworld.com,Customer
Veena World - Bengaluru Indiranagar,psp.kothawalatravels@veenaworld.com,Customer
Veena World - Bengaluru Indiranagar,psp.travelworld@veenaworld.com,Customer
Veena World - Bengaluru Indiranagar,sales.thane@veenaworld.com,Customer
Veena World - Bengaluru Indiranagar,psp.aaravholiday@veenaworld.com,Customer
Veena World - Bengaluru Indiranagar,sales.andheri@veenaworld.com,Customer
Veena World - Bengaluru Indiranagar,psp.acetoursandtravels@veenaworld.com,Customer
Veena World - Bengaluru Indiranagar,psp.prettyplanet@veenaworld.com,Customer
Veena World - Bengaluru Indiranagar,psp.dreamholidays@veenaworld.com,Customer
Veena World - Bengaluru Indiranagar,sales.versova@veenaworld.com,Customer
Veena World - Bengaluru Indiranagar,ta.mpathservices@veenaworld.com,Customer
Veena World - Bengaluru Indiranagar,ta.pachamamatravels@veenaworld.com,Customer
Veena World - Bengaluru Indiranagar,sales.chembur@veenaworld.com,Customer
Veena World - Bengaluru Indiranagar,psp.subhechhaholiday@veenaworld.com,Customer
Veena World - Bengaluru Indiranagar,psp.belgaumkrish@veenaworld.com,Customer
Veena World - Bengaluru Indiranagar,psp.keeptravelling@veenaworld.com,Customer
Veena World - Bengaluru Indiranagar,psp.yashtours@veenaworld.com,Customer
Veena World - Bengaluru Indiranagar,psp.exploreventures@veenaworld.com,Customer
Veena World - Bengaluru Indiranagar,psp.worryfreetravels@veenaworld.com,Customer
Veena World - Bengaluru Indiranagar,psp.neetamarketing@veenaworld.com,Customer
Veena World - Bengaluru Indiranagar,sales.chinchwad@veenaworld.com,Customer
Veena World - Bengaluru Indiranagar,sales.matunga@veenaworld.com,Customer
Veena World - Bengaluru Indiranagar,psp.anandsavedi@veenaworld.com,Customer
Veena World - Bengaluru Indiranagar,psp.pambulatourstravels@veenaworld.com,Customer
Veena World - Bengaluru Indiranagar,sales.noida@veenaworld.com,Customer
Veena World - Bengaluru Indiranagar,psp.mythritravelluxandventures@veenaworld.com,Customer
Veena World - Bengaluru Indiranagar,psp.arthtours@veenaworld.com,Customer
Veena World - Bengaluru Indiranagar,psp.harshutours@veenaworld.com,Customer
Veena World - Bengaluru Indiranagar,psp.saitravels@veenaworld.com,Customer
Veena World - Bengaluru Indiranagar,psp.vaishnaviagencie@veenaworld.com,Customer
Veena World - Bengaluru Indiranagar,ta.tripcrafters@veenaworld.com,Customer
Veena World - Bengaluru Indiranagar,psp.travelpointtours@veenaworld.com,Customer
Veena World - Bengaluru Indiranagar,sales.borivali@veenaworld.com,Customer
Veena World - Bengaluru Indiranagar,psp.laturgalaxy@veenaworld.com,Customer
Veena World - Bengaluru Indiranagar,psp.skyholidays@veenaworld.com,Customer
Veena World - Bengaluru Indiranagar,sales.hyderabad@veenaworld.com,Customer
Veena World - Bengaluru Indiranagar,psp.rajlaxmeholidays@veenaworld.com,Customer
Veena World - Bengaluru Indiranagar,sales.chennai@veenaworld.com,Customer
Veena World - Bengaluru Indiranagar,osa.majestytours@veenaworld.com,Customer
Veena World - Bengaluru Indiranagar,psp.afenterprises@veenaworld.com,Customer
Veena World - Bengaluru Indiranagar,psp.hillmountholidays@veenaworld.com,Customer
Veena World - Bengaluru Indiranagar,sales.ahmedabad@veenaworld.com,Customer
Veena World - Bengaluru Indiranagar,psp.shriganesh@veenaworld.com,Customer
Veena World - Bengaluru Indiranagar,psp.savanitourism@veenaworld.com,Customer
Veena World - Bengaluru Indiranagar,ta.swamitoursandtravels@veenaworld.com,Customer
Veena World - Bengaluru Indiranagar,sales.ghatkopar@veenaworld.com,Customer
Veena World - Bengaluru Indiranagar,sales.thanepokhranroad@veenaworld.com,Customer
Veena World - Bengaluru Indiranagar,ta.shrutisathe@veenaworld.com,Customer
Veena World - Bengaluru Indiranagar,psp.pegasus@veenaworld.com,Customer
Veena World - Bengaluru Indiranagar,sales.kandivali@veenaworld.com,Customer
Veena World - Bengaluru Indiranagar,psp.balajitours@veenaworld.com,Customer
Veena World - Bengaluru Indiranagar,psp.dreamholiday@veenaworld.com,Customer
Veena World - Bengaluru Indiranagar,psp.travelworldkopar@veenaworld.com,Customer
Veena World - Bengaluru Indiranagar,psp.deshpandetours@veenaworld.com,Customer
Veena World - Bengaluru Indiranagar,psp.exoticleisure@veenaworld.com,Customer
Veena World - Bengaluru Indiranagar,psp.dishatours@veenaworld.com,Customer
Veena World - Bengaluru Indiranagar,psp.dreamscapetours@veenaworld.com,Customer
Veena World - Bengaluru Indiranagar,ta.dhavalbilimoria@veenaworld.com,Customer
Veena World - Bengaluru Indiranagar,psp.dreamdestination@veenaworld.com,Customer
Veena World - Bengaluru Indiranagar,psp.thetravelart@veenaworld.com,Customer
Veena World - Bengaluru Indiranagar,sales.kolkata@veenaworld.com,Customer
Veena World - Bengaluru Indiranagar,psp.realityescapestours@veenaworld.com,Customer
Veena World - Bengaluru Indiranagar,psp.bucketlistholiday@veenaworld.com,Customer
Veena World - Bengaluru Indiranagar,psp.milestoneholiday@veenaworld.com,Customer
Veena World - Bengaluru Indiranagar,psp.vedanttravels@veenaworld.com,Customer
Veena World - Bengaluru Indiranagar,ta.goldensetu@veenaworld.com,Customer
Veena World - Bengaluru Indiranagar,psp.royalholidays@veenaworld.com,Customer
Veena World - Bengaluru Indiranagar,psp.sataravihartours@veenaworld.com,Customer
Veena World - Bengaluru Indiranagar,ta.saffronholidays@veenaworld.com,Customer
Veena World - Bengaluru Indiranagar,sales.charniroad@veenaworld.com,Customer
Veena World - Bengaluru Indiranagar,sales.magarpattahadapsar@veenaworld.com,Customer
Veena World - Bengaluru Indiranagar,psp.travelworld1@veenaworld.com,Customer
Veena World - Bengaluru Indiranagar,psp.parikramatoursandtravel@veenaworld.com,Customer
Veena World - Bengaluru Indiranagar,psp.tanviholidays@veenaworld.com,Customer
Veena World - Bengaluru Indiranagar,psp.letstravel@veenaworld.com,Customer
Veena World - Bengaluru Indiranagar,psp.aksharholidays@veenaworld.com,Customer
Veena World - Bengaluru Indiranagar,psp.pushpakholidays@veenaworld.com,Customer
Veena World - Bengaluru Indiranagar,usa@veeenaworld.com,Customer
Veena World - Bengaluru Indiranagar,sales.bandra@veenaworld.com,Customer
Veena World - Bengaluru Indiranagar,nishad@veenaworld.com,Customer
Veena World - Bengaluru Indiranagar,ta.blisstours@veenaworld.com,Customer
Veena World - Bengaluru Indiranagar,osa.uranustravelstoursllc@veenaworld.com,Customer
Veena World - Bengaluru Indiranagar,psp.vacationhub@veenaworld.com,Customer
Veena World - Bengaluru Indiranagar,psp.vijayatravels@veenaworld.com,Customer
Veena World - Bengaluru Indiranagar,psp.packntrip@veenaworld.com,Customer
Veena World - Bengaluru Indiranagar,ta.kavithanandy@veenaworld.com,Customer
Veena World - Bengaluru Indiranagar,psp.viniholidays@veenaworld.com,Customer
Veena World - Bengaluru Indiranagar,psp.sahyadritours@veenaworld.com,Customer
Veena World - Bengaluru Indiranagar,psp.classictourplanner@veenaworld.com,Customer
Veena World - Bengaluru Indiranagar,sales.gurugram@veenaworld.com,Customer
Veena World - Bengaluru Indiranagar,psp.vedikatoursandtravels@veenaworld.com,Customer
Veena World - Bengaluru Indiranagar,psp.galaxytours@veenaworld.com,Customer
Veena World - Bengaluru Indiranagar,psp.mulberryholidays@veenaworld.com,Customer
Veena World - Bengaluru Indiranagar,psp.aarya1@veenaworld.com,Customer
Veena World - Bengaluru Indiranagar,psp.evershineholiday@veenaworld.com,Customer
Veena World - Bengaluru Indiranagar,psp.aaryaholidays@veenaworld.com,Customer
Veena World - Bengaluru Indiranagar,psp.chikhletours@veenaworld.com,Customer
Veena World - Bengaluru Indiranagar,psp.shreeharitours@veenaworld.com,Customer
Veena World - Bengaluru Indiranagar,psp.sstravels@veenaworld.com,Customer
Veena World - Bengaluru Indiranagar,psp.rajashritours@veenaworld.com,Customer
Veena World - Bengaluru Indiranagar,psp.nikhilsholidays@veenaworld.com,Customer
Veena World - Bengaluru Indiranagar,psp.vivaholidays@veenaworld.com,Customer
Veena World - Bengaluru Indiranagar,psp.shreeholidays@veenaworld.com,Customer
Veena World - Bengaluru Indiranagar,psp.aamultiventures@veenaworld.com,Customer
Veena World - Bengaluru Indiranagar,psp.vanyaholidays@veenaworld.com,Customer
Veena World - Bengaluru Indiranagar,sales.dombivli@veenaworld.com,Customer
Veena World - Bengaluru Indiranagar,psp.shindeholidays@veenaworld.com,Customer
Veena World - Bengaluru Indiranagar,psp.shefalitours@veenaworld.com,Customer
Veena World - Bengaluru Indiranagar,sales.bengaluru@veenaworld.com,Customer
Veena World - Bengaluru Indiranagar,inbound@veenaworld.com,Customer
Veena World - Bengaluru Indiranagar,psp.shaahglobalgetaways@veenaworld.com,Customer
Veena World - Bengaluru Indiranagar,sales.baner@veenaworld.com,Customer
Veena World - Bengaluru Indiranagar,psp.saffronworld@veenaworld.com,Customer
Veena World - Bengaluru Indiranagar,sales.malad@veenaworld.com,Customer
Veena World - Bengaluru Indiranagar,psp.visionworld@veenaworld.com,Customer
Veena World - Bengaluru Indiranagar,psp.aaradhyatours@veenaworld.com,Customer
Veena World - Bengaluru Indiranagar,psp.jmagencies@veenaworld.com,Customer
Veena World - Bengaluru Indiranagar,sales.vasai@veenaworld.com,Customer
Veena World - Bengaluru Indiranagar,psp.rohanholidays@veenaworld.com,Customer
Veena World - Bengaluru Indiranagar,psp.ashwamedhtourism@veenaworld.com,Customer
Veena World - Bengaluru Indiranagar,psp.joyousjourneys@veenaworld.com,Customer
Veena World - Bengaluru Indiranagar,psp.rashreeholidays@veenaworld.com,Customer
Veena World - Bengaluru Indiranagar,psp.bhatkantiservices@veenaworld.com,Customer
Veena World - Bengaluru Indiranagar,psp.travelpoint@veenaworld.com,Customer
Veena World - Bengaluru Indiranagar,psp.anandbibwewadi@veenaworld.com,Customer
Veena World - Bengaluru Indiranagar,ta.travelscape@veenaworld.com,Customer
Veena World - Bengaluru Indiranagar,usa@veenaworld.com,Customer
Veena World - Bengaluru Indiranagar,samarholiday@veenaworld.com,Customer
Veena World - Bengaluru Indiranagar,psp.yellowstone@veenaworld.com,Customer
Veena World - Bengaluru Indiranagar,sales.airoli@veenaworld.com,Customer
Veena World - Bengaluru Indiranagar,sales.bengaluruindiranagar@veenaworld.com,Customer
Veena World - Bengaluru Indiranagar,psp.adarshholidays@veenaworld.com,Customer
Veena World - Bengaluru Indiranagar,sales.mirabhayandar@veenaworld.com,Customer
Veena World - Bengaluru Indiranagar,sales.pune@veenaworld.com,Customer
Veena World - Bengaluru Indiranagar,ta.blossomjourneys@veenaworld.com,Customer
Veena World - Bengaluru Indiranagar,psp.nashikchocolate@veenaworld.com,Customer
Veena World - Bengaluru Indiranagar,psp.gopalkrushnatour@veenaworld.com,Customer
Veena World - Bengaluru Indiranagar,psp.nandinitravels@veenaworld.com,Customer
Veena World - Bengaluru Indiranagar,psp.bonvoyage@veenaworld.com,Customer
Veena World - Bengaluru Indiranagar,psp.signaturetravels@veenaworld.com,Customer
Veena World - Bengaluru Indiranagar,ta.dipalikhangaonkar@veenaworld.com,Customer
Veena World - Bengaluru Indiranagar,sales.dadar@veenaworld.com,Customer
Veena World - Bengaluru Indiranagar,psp.srishtiholidays@veenaworld.com,Customer
Veena World - Bengaluru Indiranagar,sales.delhi@veenaworld.com,Customer
Veena World - Bengaluru Indiranagar,sales.vashi@veenaworld.com,Customer
Veena World - Bengaluru Indiranagar,ta.swargtravel@veenaworld.com,Customer
Veena World - Bengaluru Indiranagar,psp.traveldarbar@veenaworld.com,Customer
Veena World - Bengaluru Indiranagar,psp.tripmakers@veenaworld.com,Customer
Veena World - Bengaluru Indiranagar,psp.shreeservices@veenaworld.com,Customer
Veena World - Bengaluru Indiranagar,psp.universaltours@veenaworld.com,Customer
Veena World - Bengaluru Indiranagar,psp.krishholidaysbelgaum@veenaworld.com,Customer
Veena World - Bengaluru Indiranagar,psp.myholidays@veenaworld.com,Customer
Veena World - Bengaluru Indiranagar,psp.savaareetours@veenaworld.com,Customer
Veena World - Bengaluru Indiranagar,sales.panvel@veenaworld.com,Customer
Veena World - Bengaluru Indiranagar,sales.vileparle@veenaworld.com,Customer
Veena World - Bengaluru Indiranagar,sales.indore@veenaworld.com,Customer
Veena World - Bengaluru Indiranagar,psp.mahindrakar@veenaworld.com,Customer
Veena World - Bengaluru Indiranagar,sales.mulund@veenaworld.com,Customer
Veena World - Bengaluru Indiranagar,psp.vividmemories@veenaworld.com,Customer
Veena World - Bengaluru Indiranagar,psp.purvatravels@veenaworld.com,Customer
Veena World - Bengaluru Indiranagar,psp.chocolateholidays@veenaworld.com,Customer
Veena World - Bengaluru Indiranagar,psp.vgholidays@veenaworld.com,Customer
Voyaah,info@voyaah.com,Customer
Eco Trip Adventures - Best Travel Agency For Domestic and International Holidays,info@ecotripadventures.com,Customer
Highsky Travels Pvt Ltd,info@highskytravels.com,Customer
"Career Launcher Indiranagar, Bangalore Best Classes for CLAT, IPMAT, CAT/MBA Entrance Exam, BBA Entrance Exam Coaching",indiranagar@careerlauncher.com,Customer
"RSR ACADEMY - Indiranagar’s Trusted NIOS ,CBSE, ICSE & PUC Tuition",u003Ersracademy8783@gmail.com,Customer
"RSR ACADEMY - Indiranagar’s Trusted NIOS ,CBSE, ICSE & PUC Tuition",rsracademy8783@gmail.com,Customer
"ALLEN Career Institute - Indiranagar Campus, Bengaluru | IIT JEE, NEET & Foundation Coaching",bengaluru@allen.in,Customer
"Aakash Institute, Indira Nagar (Bengaluru)",care@aesl.in,Customer
"IGNITE INDIA Education for NID/NIFT/NATA/UCEED/CEED Coaching Indiranagar, Bangalore",live@igniteindiaedu.com,Customer
"IGNITE INDIA Education for NID/NIFT/NATA/UCEED/CEED Coaching Indiranagar, Bangalore",info@igniteindiaeducation.com,Customer
"IGNITE INDIA Education for NID/NIFT/NATA/UCEED/CEED Coaching Indiranagar, Bangalore",igniteindiaorg@gmail.com,Customer
"Jamboree Education - Indiranagar Centre, Bangalore | GMAT, GRE, SAT, IELTS, TOEFL Coaching & Study Abroad Consultant",support@jamboreeeducation.com,Customer
"Jamboree Education - Indiranagar Centre, Bangalore | GMAT, GRE, SAT, IELTS, TOEFL Coaching & Study Abroad Consultant",jamboreeindia@jamboreeindia.com,Customer
DQ Labs Indiranagar - NID NIFT UCEED NATA CEED Entrance Coaching Institute,info@dqlabs.in,Customer
"Pahal Design Indira Nagar - NID, NIFT, NATA, UCEED, CEED, JEE Paper 2, BFA Coaching Classes",corporate@pahaldesign.com,Customer
Lakmé Academy - Indiranagar,lakme@kaki.co.in,Customer
"Little Elly - Preschool in Indiranagar, Bengaluru",franchise@littleelly.com,Customer
"Little Elly - Preschool in Indiranagar, Bengaluru",enquiry@littleelly.com,Customer
Kids360 Indiranagar,hello@kids360.in,Customer
Kids360 Indiranagar,indiranagar@kids360.in,Customer
Kids360 Indiranagar,careers@kids360.in,Customer
Kids360 Indiranagar,jpnagar@kids360.in,Customer
The Learning Curve - Preschool-Nursery school| Play school| kindergarten| Daycare schools in INDIRANAGAR,administrator@learningcurveindia.co.in,Customer
AeroKIDS International PreSchool,info@aerokidsindia.com,Customer
"House of Tamariki Preschool, Indiranagar",admin@houseoftamariki.com,Customer
"Kara4Kids Indiranagar - Pre School, Nursery, Montessori, Day Care, Creche, Special Education",contact@kara.in,Customer
Iris Florets Happy Play School,connect@iriseducare.com,Customer
Iris Florets Happy Play School,irisfloretsdigital@gmail.com,Customer
DECFORT,info@decfort.com,Customer
Archiville Design Studio – Interior Studio Curating Premium Spaces,archivillestudio@gmail.com,Customer
Zinoti Interior Designers Bangalore,hello@zinoti.com,Customer
Modern Living Interiors,info@modernlivinginterior.com,Customer
Dahliaa Interior Studio,info@dahliaa.com,Customer
Kosmos Architecture & Interior Design Studio - bangalore,example@mysite.com,Customer
Kosmos Architecture & Interior Design Studio - bangalore,StudioKosmosDesign@gmail.com,Customer
Relgrow - Interior Designers in Bangalore | Corporate and Office Interior Designers | Construction Company in Bangalore,info@relgrow.com,Customer
Square Up Construction and Interiors,squareupconstructions@gmail.com,Customer
Studio Amaavi,info@studioamaavi.com,Customer
Ostraca Architecture & Interiors,hr@ostraca.in,Customer
Desquare,support@cultclicks.com,Customer
Desquare,naveen.desquare@gmail.com,Customer
Khosla & Anand,info@khoslaassociates.com,Customer
M A Architects,hr@maarchitects.in,Customer
M A Architects,connect@maarchitects.in,Customer
CLUB A,care@nnnow.com,Customer
"Rare Rabbit, Indiranagar",Rrbrigade2@rarrerabbit.in,Customer
"Rare Rabbit, Indiranagar",rrbrigade3@thehouseofrare.com,Customer
"Rare Rabbit, Indiranagar",rrforumkor@rarerabbit.in,Customer
"Rare Rabbit, Indiranagar",rrlulublr@rarerabbit.in,Customer
"Rare Rabbit, Indiranagar",rrub@rarerabbit.in,Customer
"Rare Rabbit, Indiranagar",thorjayanagar@thehouseofrare.com,Customer
"Rare Rabbit, Indiranagar",rrbrigade@rarerabbit.in,Customer
"Rare Rabbit, Indiranagar",Rrpmcblr@rarerabbit.in,Customer
"Rare Rabbit, Indiranagar",rrmsblr@rarerabbit.in,Customer
"Rare Rabbit, Indiranagar",Rrindranagar@rarerabbit.in,Customer
"Rare Rabbit, Indiranagar",rrhsr@rarerabbit.in,Customer
"Rare Rabbit, Indiranagar",thorkamanahalli@thehouseofrare.com,Customer
"Rare Rabbit, Indiranagar",thorvega@thehousepfrare.com,Customer
"Pantaloons (Indiranagar, Bengaluru)",customercare@abfrl.adityabirla.com,Customer
Max,blrrtnagar.maxsm@landmarkgroup.in,Customer
Max,blrgopalan.maxsm@landmarkgroup.in,Customer
Max,blrmktcity.maxsm@landmarkgroup.in,Customer
Max,blrindngr.maxsm@landmarkgroup.in,Customer
Max,blrhsr.maxsm@landmarkgroup.in,Customer
Max,u00a0help.in@maxfashion.com,Customer
Max,blroasis.maxsm@landmarkgroup.in,Customer
Max,blrmsrelements.maxsm@landmarkgroup.in,Customer
Max,blrcomst.maxsm@landmarkgroup.in,Customer
Max,blrkammanahalli.maxsm@landmarkgroup.in,Customer
Max,jayanagar.maxsm@landmarkgroup.in,Customer
Max,blrmhalli.maxsm@landmarkgroup.in,Customer
Max,blrrmnagar.maxsm@landmarkgroup.in,Customer
Max,blrmantri.maxsm@landmarkgroup.in,Customer
SION Semiconductors Private Limited,info@sionsemi.com,Customer
Protocentral Electronics Pvt Ltd,sales@protocentral.com,Customer
International Aerospace Manufacturing Pvt. Ltd.,info@iampl.co.in,Customer
SENSES ELECTRONICS PVT LTD BENGALURU,sales@senseselec.com,Customer
Pendios Technologies Pvt. Ltd.,info@pendios.com,Customer
HummingBrains Technologies Private Limited,info@hummingbrains.com,Customer
Zreyah Semiconductor Systems Pvt. Ltd.,rajesh@zreyahsemicon.com,Customer
Zreyah Semiconductor Systems Pvt. Ltd.,customercare@zreyahsemicon.com,Customer
Zreyah Semiconductor Systems Pvt. Ltd.,rajesh@zreyahsemicon.com,Customer
Zreyah Semiconductor Systems Pvt. Ltd.,customercare@zreyahsemicon.com,Customer
MumStars Tech India Pvt Ltd,info@mumstarstech.com,Customer
Small Array,you@company.com,Customer
Small Array,info@smallarray.com,Customer
Affordable Business Solutions (ABS),sales@abs.in,Customer
Affordable Business Solutions (ABS),Sales@abs.in,Customer
NeoLotex Business Solutions Private Limited,sales@neolotex.com,Customer
QODUM TECH SERVICES PRIVATE LIMITED,wecare@qodumtech.com,Customer
QODUM TECH SERVICES PRIVATE LIMITED,qodumtech@gmail.com,Customer
HELLO STARTUPZ,info@hellostartupz.com,Customer
HELLO STARTUPZ,anoob@hellostartupz.com,Customer
"Spacelance Bangalore - Virtual Office and Desk Space in Indiranagar, Bangalore",support@spacelance.com,Customer
Honebi commerce,name@yourcompany.com,Customer
Moxo Bangalore,contact-us@moxo.com,Customer
Cassia Bake Studio,info@cassiabakestudio.com,Customer
The Kind Roastery and Brew Room Indiranagar,thekindindia@gmail.com,Customer
"Casa Fresco, Indiranagar: All-Day Dining & Café",hi@typemade.mx,Customer
"Casa Fresco, Indiranagar: All-Day Dining & Café",hello@casafresco.in,Customer
Cafe Grey by Dongle & Co,hello@dongle.community,Customer
The Hole In The Wall,the.hole.in.the.wall.cafe@gmail.com,Customer
Nanav Cafe,cafe@nanav.in,Customer
The Reservoire Koramangala,thereservoire@gmail.com,Customer
Koramangala Social,feedback@impresario.in,Customer
Roots Restaurant,roots@rootsrestaurant.in,Customer
Maffei Kitchen,ceo@maffei.in,Customer
Truffles Koramangala,info@truffles.net.in,Customer
The Bier Library,connect@frothytales.com,Customer
Nagarjuna Restaurant Since 1984 - Koramangala,info@nagarjunarestaurants.com,Customer
"Chianti, Koramangala",chiantibangalore@gmail.com,Customer
CHAMPAK - Champaran | The best North Indian restaurant in Bangalore,champakrestaurant@gmail.com,Customer
D'Habitat Serviced Apartments in Bangalore Koramangala,info@d-habitat.com,Customer
Octave Studio Hotel,reservations_pld@octavehotels.com,Customer
Octave Studio Hotel,reservations_glf@octavehotels.com,Customer
Octave Studio Hotel,reservations_jpn@octavehotels.com,Customer
Octave Studio Hotel,reservations_upt@octavehotels.com,Customer
Octave Studio Hotel,parisresidency1@gmail.com,Customer
Octave Studio Hotel,rnt.octavehotels@gmail.com,Customer
Octave Studio Hotel,reservations_roc@octavehotels.com,Customer
Octave Studio Hotel,hoteltajpalace7@gmail.com,Customer
Octave Studio Hotel,reservations_rgp@octavehotels.com,Customer
Octave Studio Hotel,info@kingsuites.com,Customer
Octave Studio Hotel,reservations@styloteljagadish.com,Customer
Octave Studio Hotel,reservations_jmy@octavehotels.com,Customer
Octave Studio Hotel,reservations_mth@octavehotels.com,Customer
Octave Studio Hotel,reservations_csl@octavehotels.com,Customer
Octave Studio Hotel,saarangforever@gmail.com,Customer
Octave Studio Hotel,reservations_orc@octavehotels.com,Customer
Octave Studio Hotel,reservations_rdy@octavehotels.com,Customer
Octave Studio Hotel,reservations_fmt@octavehotels.com,Customer
Octave Studio Hotel,reservations_chh@octavehotels.com,Customer
Octave Studio Hotel,naufalbedrody@octavehotels.com,Customer
Octave Studio Hotel,reservation@vishwaratnahotel.com,Customer
Octave Studio Hotel,reservations_cls@octavehotels.com,Customer
Octave Studio Hotel,reservations_kpk@octavehotels.com,Customer
Octave Studio Hotel,reservations_stu@octavehotels.com,Customer
Octave Studio Hotel,reservations_lsv@octavehotels.com,Customer
Octave Studio Hotel,mailmejagdish41@gmail.com,Customer
Octave Studio Hotel,reservations@octavehotels.com,Customer
Octave Studio Hotel,reservations_shp@octavehotels.com,Customer
Octave Studio Hotel,reservations_adi@octavehotels.com,Customer
Octave Studio Hotel,hotelverdisso2022@gmail.com,Customer
Octave Studio Hotel,kanakakrinacomfortskkc@gmail.com,Customer
Octave Studio Hotel,reservations_bun@octavehotels.com,Customer
Octave Studio Hotel,hil.octavehotels@gmail.com,Customer
Octave Studio Hotel,styloteljagadish@gmail.com,Customer
Octave Studio Hotel,reservations_nrv@octavehotels.com,Customer
Octave Studio Hotel,frontdesk.bgarh@bundelaresorts.com,Customer
Octave Studio Hotel,reservations_cap@octavehotels.com,Customer
Octave Studio Hotel,reservations_dbl@octavehotels.com,Customer
Octave Studio Hotel,reservations_crh@octavehotels.com,Customer
Octave Studio Hotel,reservations_him@octavehotels.com,Customer
Octave Studio Hotel,reservations_plz@octavehotels.com,Customer
Octave Studio Hotel,reservations_brk@octavehotels.com,Customer
Octave Studio Hotel,reservations_rop@octavehotels.com,Customer
Octave Studio Hotel,velsgrand.bangalore@gmail.com,Customer
Octave Studio Hotel,reservations_kan@octavehotels.com,Customer
Octave Studio Hotel,jmhotelspvtltd@gmail.com,Customer
Octave Studio Hotel,reservations_nst@octavehotels.com,Customer
Octave Studio Hotel,kul.octavehotels@gmail.com,Customer
Hypons Hotel Koramangala,hyponshotel@gmail.com,Customer
La Sara Grand,crm@lasarahotels.com,Customer
"Tulip Inn, Koramangala",tikb@goldentulipin.com,Customer
BluPetal Hotel,info@blupetalhotel.com,Customer
Olive Zip Koramangala 100ft rd by Embassy Group,group-9@2x-scaled.webp,Customer
Olive Zip Koramangala 100ft rd by Embassy Group,club-banner@2x-scaled.webp,Customer
Olive Zip Koramangala 100ft rd by Embassy Group,bangalore@3x-2.webp,Customer
Olive Zip Koramangala 100ft rd by Embassy Group,sales@oliveliving.com,Customer
Olive Zip Koramangala 100ft rd by Embassy Group,info@oliveliving.com,Customer
Olive Zip Koramangala 100ft rd by Embassy Group,group-2@3x-4.webp,Customer
Olive Zip Koramangala 100ft rd by Embassy Group,elevates@3x.webp,Customer
Olive Zip Koramangala 100ft rd by Embassy Group,goa-photo@3x.webp,Customer
Olive Zip Koramangala 100ft rd by Embassy Group,new_respbanner@3x-scaled-1.webp,Customer
Astra Hotels & Suites - Koramangala | One of the Best Hotels in Koramangala,astra.koramangala@gmail.com,Customer
SRS SUITE,ggm@srssuites.com,Customer
Grand Mercure Bangalore,h7155-re@accor.com,Customer
ANANYA COMFORTSS - (OPP. RAHEJA RESIDENCY - KORAMANGALA),info@ananyacomforts.com,Customer
ANANYA COMFORTSS - (OPP. RAHEJA RESIDENCY - KORAMANGALA),email@domain.com,Customer
ANANYA COMFORTSS - (OPP. RAHEJA RESIDENCY - KORAMANGALA),ananyacomfortsshpt@gmail.com,Customer
LUHO Grande,Pintu.kumar@luho.co.in,Customer
Regenta Inn 4th Block Koramanagla,hello@regentarewards.com,Customer
Grand Continent Koramangala,info@grandcontinenthotels.com,Customer
Grand Continent Koramangala,mailtoinfo@grandcontinenthotels.com,Customer
Hula Global,%20hello@hulaglobal.com,Customer
Hula Global,karan@hulaglobal.com,Customer
Hula Global,hello@hulaglobal.com,Customer
Style Union - Koramangala,abhishek@dashloc.com,Customer
Style Union - Koramangala,sharewithus@styleunion.in,Customer
L'atelier (Ebco National Display Centre),contact@southindiaagencies.com,Customer
L'atelier (Ebco National Display Centre),info@southindiaagencies.com,Customer
L'atelier (Ebco National Display Centre),contact@southindiaagencies.com,Customer
L'atelier (Ebco National Display Centre),ebco@southindiaagencies.com,Customer
"IBO – Bannerghatta, Bengaluru",u003econtactus@ibo.com,Customer
"IBO – Bannerghatta, Bengaluru",contactus@ibo.com,Customer
Reliance Digital,crm_kar.tji9_bommanahalli@zmail.ril.com,Customer
Reliance Digital,digitalxpress_blr.8717_akpr@ril.com,Customer
Reliance Digital,crm_ban.8882_kor@zmail.ril.com,Customer
Reliance Digital,narayana.m.swamy@ril.com,Customer
Reliance Digital,crm_kar.tod3_sarjapur@zmail.ril.com,Customer
Reliance Digital,crm_kar.tnq1_haralur@zmail.ril.com,Customer
Reliance Digital,cdit_ban.8890_temp@zmail.ril.com,Customer
Reliance Digital,crm_ban.8883_bada@ril.com,Customer
Reliance Digital,crm_blr.5039_windsor@ril.com,Customer
Reliance Digital,cdit_blr.8792_mara@ril.com,Customer
Reliance Digital,digital_kar.bangalore_t9oe@zmail.ril.com,Customer
Reliance Digital,cdit_ban.6835_hosr@ril.com,Customer
Reliance Digital,digital_ka.bengaluru_t0ur@zmail.ril.com,Customer
Reliance Digital,cdit_blr.7686_cunn@zmail.ril.com,Customer
LG Best Shop-Protail Koramangala,abced123@gmail.com,Customer
LG Best Shop-Protail Koramangala,johndoe@domain.com,Customer
LG Best Shop-Protail Koramangala,lgeap-obs@lge.com,Customer
LG Best Shop-Protail Koramangala,vipul.chauhan@lge.com,Customer
LG Best Shop-Protail Koramangala,donga.kim@lge.com,Customer
LG Best Shop-Protail Koramangala,jongmin01.choi@lge.com,Customer
LG Best Shop-Protail Koramangala,ivyl@adobe.com,Customer
LG Best Shop-Protail Koramangala,user@lg.edu,Customer
LG Best Shop-Protail Koramangala,lgchile@lge.com,Customer
LG Best Shop-Protail Koramangala,ducphu.nguyen@lge.com,Customer
LG Best Shop-Protail Koramangala,satyabratya.singh@lge.com,Customer
LG Best Shop-Protail Koramangala,user@lgpartner.com,Customer
LG Best Shop-Protail Koramangala,obs-store@lge.de,Customer
LG Best Shop-Protail Koramangala,user@state.gov,Customer
LG Best Shop-Protail Koramangala,dmariyappan@adobe.com,Customer
Croma - Koramangala,sma439@croma.com,Customer
Croma - Koramangala,Sma472@croma.com,Customer
Croma - Koramangala,marathahalli-prbc.sm-a060@croma.com,Customer
Croma - Koramangala,rmm-bannergutta.sm-a066@croma.com,Customer
Croma - Koramangala,banshankari-sm-a073@croma.com,Customer
Croma - Koramangala,sma484@croma.com,Customer
Croma - Koramangala,kormangala-23innerringrd.sm-a058@croma.com,Customer
Croma - Koramangala,jayanagar-sm-a113@croma.com,Customer
Croma - Koramangala,Sma561@croma.com,Customer
Croma - Koramangala,Sma642@croma.com,Customer
Croma - Koramangala,indiranagar-purbaraag.sm-a045@croma.com,Customer
Croma - Koramangala,jpnagar-woodys.sm-a056@croma.com,Customer
Croma - Koramangala,sma236@croma.com,Customer
Girias,info@giriasindia.com,Customer
Mega IT Store,support@megait.in,Customer
OnePlus Experience Store,OnePlusCareSupport@OnePlus.com,Customer
OnePlus Experience Store,es.blrforummall@oneplus.com,Customer
OnePlus Experience Store,jayanagarstore@arrowhead.net.in,Customer
OnePlus Experience Store,v-roshan.kumar@oneplus.com,Customer
OnePlus Experience Store,ravindra.kumar@oneplus.com,Customer
OnePlus Experience Store,sfsbangalore@oneplus.com,Customer
OnePlus Experience Store,oneplusjnr@bhawar.net,Customer
Samsung Experience Store Koramangala,hsr.samsung@gmail.com,Customer
Samsung Experience Store Koramangala,mboriya@gmail.com,Customer
Samsung Experience Store Koramangala,jinnanitimes@gmail.com,Customer
Samsung Experience Store Koramangala,btm2@samsungsmartcafe.com,Customer
Samsung Experience Store Koramangala,innisfreehsr@gmail.com,Customer
Samsung Experience Store Koramangala,innisfree.kmg@gmail.com,Customer
Samsung Experience Store Koramangala,pinnacle.enterprises.kor@gmail.com,Customer
Samsung Experience Store Koramangala,sales.vegacity@it-world.in,Customer
Samsung Experience Store Koramangala,info@abmdelight.com,Customer
Samsung Experience Store Koramangala,caafe.connect@gmail.com,Customer
Samsung Experience Store Koramangala,rupesh.goutam2@gmail.com,Customer
Samsung Experience Store Koramangala,ojas.9thblock@gmail.com,Customer
Samsung Experience Store Koramangala,ncscmh@conceptsinc.biz,Customer
Samsung Experience Store Koramangala,sales@radiantrushnetworks.com,Customer
Dyson Store Forum Mall Bengaluru,johndoe@domain.com,Customer
Dyson Store Forum Mall Bengaluru,ask@dyson.in,Customer
